city,month,population_thousands,unemployment_rate,youth_population_pct,police_per_1000,is_summer,reported_incidents
Kingston (Jamaica),2016-01,660,16.72,25.92,2.41,0,832
Kingston (Jamaica),2016-02,660,17.18,27.33,3.9,0,742
Kingston (Jamaica),2016-03,660,17.03,22.03,3.77,0,765
Kingston (Jamaica),2016-04,660,17.16,22.99,4.28,0,736
Kingston (Jamaica),2016-05,660,17.91,26.7,3.31,0,753
Kingston (Jamaica),2016-06,660,17.64,29.5,5.39,1,776
Kingston (Jamaica),2016-07,660,17.9,22.79,3.92,1,699
Kingston (Jamaica),2016-08,660,17.69,27.14,3.12,1,872
Kingston (Jamaica),2016-09,660,17.24,20.1,3.9,0,734
Kingston (Jamaica),2016-10,660,17.43,23.04,2.38,0,799
Kingston (Jamaica),2016-11,660,18.18,19.77,3.3,0,760
Kingston (Jamaica),2016-12,660,18.21,29.34,2.89,0,732
Kingston (Jamaica),2017-01,660,18.87,21.41,3.59,0,772
Kingston (Jamaica),2017-02,660,18.91,17.14,3.42,0,726
Kingston (Jamaica),2017-03,660,19.04,25.99,3.79,0,723
Kingston (Jamaica),2017-04,660,18.35,25.45,3.63,0,736
Kingston (Jamaica),2017-05,660,18.48,23.9,3.79,0,728
Kingston (Jamaica),2017-06,660,18.58,19.83,3.7,1,758
Kingston (Jamaica),2017-07,660,18.85,25.72,3.42,1,933
Kingston (Jamaica),2017-08,660,18.88,18.79,3.64,1,623
Kingston (Jamaica),2017-09,660,18.14,19.08,3.96,0,713
Kingston (Jamaica),2017-10,660,18.49,24.47,3.61,0,825
Kingston (Jamaica),2017-11,660,18.93,22.04,3.45,0,734
Kingston (Jamaica),2017-12,660,18.9,24.94,4.85,0,671
Kingston (Jamaica),2018-01,660,19.1,25.47,3.04,0,785
Kingston (Jamaica),2018-02,660,18.83,24.23,2.6,0,712
Kingston (Jamaica),2018-03,660,19.12,27.24,3.39,0,763
Kingston (Jamaica),2018-04,660,18.5,23.33,3.29,0,869
Kingston (Jamaica),2018-05,660,18.43,21.23,2.78,0,760
Kingston (Jamaica),2018-06,660,18.85,18.25,5.16,1,705
Kingston (Jamaica),2018-07,660,19.03,24.24,2.02,1,859
Kingston (Jamaica),2018-08,660,18.4,29.57,4.49,1,894
Kingston (Jamaica),2018-09,660,17.93,20.93,3.53,0,644
Kingston (Jamaica),2018-10,660,18.64,17.64,2.25,0,620
Kingston (Jamaica),2018-11,660,18.69,24.93,5.09,0,705
Kingston (Jamaica),2018-12,660,18.95,18.78,3.08,0,747
Kingston (Jamaica),2019-01,660,18.66,23.47,3.72,0,767
Kingston (Jamaica),2019-02,660,19.27,28.14,3.32,0,674
Kingston (Jamaica),2019-03,660,19.3,28.31,2.08,0,807
Kingston (Jamaica),2019-04,660,18.91,22.03,3.74,0,723
Kingston (Jamaica),2019-05,660,18.52,27.09,3.74,0,794
Kingston (Jamaica),2019-06,660,18.53,23.05,3.85,1,675
Kingston (Jamaica),2019-07,660,18.34,18.27,3.28,1,708
Kingston (Jamaica),2019-08,660,17.85,24.73,2.94,1,723
Kingston (Jamaica),2019-09,660,18.03,28.32,3.67,0,767
Kingston (Jamaica),2019-10,660,18.1,28.58,3.41,0,781
Kingston (Jamaica),2019-11,660,17.85,18.22,3.18,0,691
Kingston (Jamaica),2019-12,660,17.84,27.4,3.7,0,740
Kingston (Jamaica),2020-01,660,18.12,22.48,3.27,0,739
Kingston (Jamaica),2020-02,660,18.28,23.21,3.85,0,649
Kingston (Jamaica),2020-03,660,18.07,21.06,2.51,0,808
Kingston (Jamaica),2020-04,660,17.99,24.65,4.02,0,772
Kingston (Jamaica),2020-05,660,17.98,21.03,3.87,0,684
Kingston (Jamaica),2020-06,660,17.93,20.0,4.09,1,678
Kingston (Jamaica),2020-07,660,18.64,25.92,4.51,1,733
Kingston (Jamaica),2020-08,660,18.57,20.98,3.46,1,762
Kingston (Jamaica),2020-09,660,17.89,21.6,3.25,0,730
Kingston (Jamaica),2020-10,660,17.5,26.3,5.89,0,684
Kingston (Jamaica),2020-11,660,17.46,29.99,3.2,0,677
Kingston (Jamaica),2020-12,660,17.55,24.24,4.56,0,753
Kingston (Jamaica),2021-01,660,18.02,25.14,3.41,0,618
Kingston (Jamaica),2021-02,660,18.85,23.38,3.33,0,726
Kingston (Jamaica),2021-03,660,18.42,21.38,3.06,0,760
Kingston (Jamaica),2021-04,660,18.0,26.84,3.72,0,710
Kingston (Jamaica),2021-05,660,18.02,21.64,4.29,0,691
Kingston (Jamaica),2021-06,660,17.68,21.65,2.63,1,821
Kingston (Jamaica),2021-07,660,17.54,25.25,2.63,1,810
Kingston (Jamaica),2021-08,660,17.91,23.16,3.7,1,830
Kingston (Jamaica),2021-09,660,17.68,31.98,2.72,0,687
Kingston (Jamaica),2021-10,660,17.64,22.21,3.7,0,690
Kingston (Jamaica),2021-11,660,17.21,22.34,2.37,0,736
Kingston (Jamaica),2021-12,660,16.97,25.89,3.04,0,729
Kingston (Jamaica),2022-01,660,16.35,29.34,3.32,0,664
Kingston (Jamaica),2022-02,660,16.62,29.56,4.28,0,651
Kingston (Jamaica),2022-03,660,16.82,22.61,4.44,0,731
Kingston (Jamaica),2022-04,660,17.18,26.88,2.08,0,717
Kingston (Jamaica),2022-05,660,16.69,27.17,3.94,0,733
Kingston (Jamaica),2022-06,660,15.73,21.89,3.84,1,723
Kingston (Jamaica),2022-07,660,15.39,25.1,3.15,1,751
Kingston (Jamaica),2022-08,660,15.45,22.98,3.27,1,669
Kingston (Jamaica),2022-09,660,15.38,28.85,4.33,0,643
Kingston (Jamaica),2022-10,660,15.26,27.59,3.76,0,720
Kingston (Jamaica),2022-11,660,15.44,27.82,2.89,0,608
Kingston (Jamaica),2022-12,660,15.22,21.69,3.21,0,678
Kingston (Jamaica),2023-01,660,15.31,21.95,1.78,0,707
Kingston (Jamaica),2023-02,660,15.22,25.99,4.73,0,722
Kingston (Jamaica),2023-03,660,15.15,21.28,2.91,0,723
Kingston (Jamaica),2023-04,660,14.99,18.89,3.14,0,673
Kingston (Jamaica),2023-05,660,15.42,22.59,3.51,0,660
Kingston (Jamaica),2023-06,660,15.28,23.28,2.5,1,689
Kingston (Jamaica),2023-07,660,15.27,25.42,2.93,1,672
Kingston (Jamaica),2023-08,660,15.26,20.3,3.53,1,744
Kingston (Jamaica),2023-09,660,15.49,24.27,4.15,0,662
Kingston (Jamaica),2023-10,660,15.7,18.28,3.25,0,613
Kingston (Jamaica),2023-11,660,15.68,19.31,2.0,0,655
Kingston (Jamaica),2023-12,660,15.83,22.6,2.41,0,740
Port of Spain (Trinidad),2016-01,550,19.93,19.6,4.28,0,450
Port of Spain (Trinidad),2016-02,550,20.09,23.05,2.99,0,495
Port of Spain (Trinidad),2016-03,550,20.38,30.03,4.11,0,434
Port of Spain (Trinidad),2016-04,550,19.95,31.72,3.85,0,479
Port of Spain (Trinidad),2016-05,550,19.97,23.62,3.25,0,550
Port of Spain (Trinidad),2016-06,550,20.11,22.77,4.43,1,423
Port of Spain (Trinidad),2016-07,550,19.44,23.16,2.17,1,540
Port of Spain (Trinidad),2016-08,550,18.66,15.64,2.56,1,495
Port of Spain (Trinidad),2016-09,550,19.18,22.84,3.02,0,518
Port of Spain (Trinidad),2016-10,550,18.98,24.95,2.7,0,530
Port of Spain (Trinidad),2016-11,550,18.41,25.66,3.84,0,516
Port of Spain (Trinidad),2016-12,550,18.18,22.14,3.8,0,384
Port of Spain (Trinidad),2017-01,550,18.13,15.97,3.85,0,398
Port of Spain (Trinidad),2017-02,550,17.92,25.92,4.13,0,400
Port of Spain (Trinidad),2017-03,550,18.31,26.42,4.58,0,529
Port of Spain (Trinidad),2017-04,550,18.69,31.07,3.43,0,504
Port of Spain (Trinidad),2017-05,550,18.91,26.49,4.11,0,456
Port of Spain (Trinidad),2017-06,550,18.43,27.46,4.25,1,509
Port of Spain (Trinidad),2017-07,550,18.35,27.92,4.43,1,547
Port of Spain (Trinidad),2017-08,550,18.55,23.2,3.22,1,513
Port of Spain (Trinidad),2017-09,550,18.09,18.63,3.15,0,463
Port of Spain (Trinidad),2017-10,550,18.72,23.44,3.45,0,422
Port of Spain (Trinidad),2017-11,550,18.43,26.11,3.21,0,433
Port of Spain (Trinidad),2017-12,550,18.21,23.58,3.5,0,519
Port of Spain (Trinidad),2018-01,550,17.95,24.9,4.21,0,459
Port of Spain (Trinidad),2018-02,550,17.96,23.45,1.97,0,510
Port of Spain (Trinidad),2018-03,550,18.13,28.16,3.38,0,491
Port of Spain (Trinidad),2018-04,550,18.05,27.28,4.69,0,445
Port of Spain (Trinidad),2018-05,550,17.87,22.7,4.19,0,468
Port of Spain (Trinidad),2018-06,550,18.78,21.4,4.97,1,372
Port of Spain (Trinidad),2018-07,550,18.9,21.87,4.27,1,486
Port of Spain (Trinidad),2018-08,550,19.06,22.21,2.51,1,593
Port of Spain (Trinidad),2018-09,550,18.7,19.81,3.06,0,518
Port of Spain (Trinidad),2018-10,550,19.0,26.63,2.35,0,560
Port of Spain (Trinidad),2018-11,550,19.51,21.85,3.0,0,440
Port of Spain (Trinidad),2018-12,550,19.7,19.89,3.09,0,455
Port of Spain (Trinidad),2019-01,550,19.05,20.2,2.75,0,466
Port of Spain (Trinidad),2019-02,550,18.34,26.8,3.17,0,518
Port of Spain (Trinidad),2019-03,550,18.63,26.69,3.1,0,498
Port of Spain (Trinidad),2019-04,550,19.24,20.57,4.2,0,548
Port of Spain (Trinidad),2019-05,550,19.0,27.57,4.63,0,461
Port of Spain (Trinidad),2019-06,550,19.03,25.12,4.26,1,606
Port of Spain (Trinidad),2019-07,550,18.72,24.39,4.78,1,517
Port of Spain (Trinidad),2019-08,550,18.18,25.25,3.68,1,508
Port of Spain (Trinidad),2019-09,550,18.12,23.18,3.21,0,448
Port of Spain (Trinidad),2019-10,550,18.29,27.39,2.7,0,496
Port of Spain (Trinidad),2019-11,550,18.13,26.84,2.34,0,595
Port of Spain (Trinidad),2019-12,550,18.26,27.49,3.36,0,504
Port of Spain (Trinidad),2020-01,550,18.01,27.05,2.16,0,536
Port of Spain (Trinidad),2020-02,550,17.22,24.88,4.05,0,470
Port of Spain (Trinidad),2020-03,550,17.76,25.59,3.72,0,458
Port of Spain (Trinidad),2020-04,550,18.06,29.19,2.23,0,522
Port of Spain (Trinidad),2020-05,550,18.22,23.42,2.47,0,530
Port of Spain (Trinidad),2020-06,550,18.83,18.76,4.38,1,416
Port of Spain (Trinidad),2020-07,550,18.89,25.97,4.8,1,528
Port of Spain (Trinidad),2020-08,550,19.16,19.54,3.32,1,476
Port of Spain (Trinidad),2020-09,550,20.2,24.49,2.95,0,551
Port of Spain (Trinidad),2020-10,550,20.37,21.89,3.98,0,598
Port of Spain (Trinidad),2020-11,550,20.91,22.27,4.16,0,509
Port of Spain (Trinidad),2020-12,550,21.19,19.07,3.16,0,424
Port of Spain (Trinidad),2021-01,550,21.72,28.24,3.81,0,571
Port of Spain (Trinidad),2021-02,550,21.72,22.51,2.86,0,554
Port of Spain (Trinidad),2021-03,550,21.57,21.36,3.87,0,380
Port of Spain (Trinidad),2021-04,550,21.05,28.4,3.37,0,508
Port of Spain (Trinidad),2021-05,550,21.4,25.17,2.63,0,460
Port of Spain (Trinidad),2021-06,550,21.21,24.83,3.07,1,498
Port of Spain (Trinidad),2021-07,550,21.27,24.16,3.1,1,487
Port of Spain (Trinidad),2021-08,550,20.6,25.92,3.56,1,548
Port of Spain (Trinidad),2021-09,550,20.9,27.89,3.64,0,522
Port of Spain (Trinidad),2021-10,550,21.16,29.22,3.3,0,520
Port of Spain (Trinidad),2021-11,550,21.3,26.42,3.6,0,589
Port of Spain (Trinidad),2021-12,550,21.06,25.4,3.88,0,487
Port of Spain (Trinidad),2022-01,550,21.44,23.08,5.04,0,344
Port of Spain (Trinidad),2022-02,550,21.37,17.75,3.71,0,474
Port of Spain (Trinidad),2022-03,550,21.18,22.48,3.86,0,491
Port of Spain (Trinidad),2022-04,550,20.7,21.97,5.13,0,407
Port of Spain (Trinidad),2022-05,550,21.3,24.95,3.52,0,430
Port of Spain (Trinidad),2022-06,550,21.67,22.92,2.75,1,511
Port of Spain (Trinidad),2022-07,550,21.29,30.39,2.78,1,511
Port of Spain (Trinidad),2022-08,550,21.64,20.89,3.12,1,501
Port of Spain (Trinidad),2022-09,550,21.28,17.27,2.8,0,405
Port of Spain (Trinidad),2022-10,550,22.0,25.26,2.9,0,485
Port of Spain (Trinidad),2022-11,550,21.9,27.99,2.46,0,539
Port of Spain (Trinidad),2022-12,550,21.96,31.1,3.01,0,464
Port of Spain (Trinidad),2023-01,550,22.06,19.69,4.64,0,437
Port of Spain (Trinidad),2023-02,550,22.47,30.87,3.22,0,495
Port of Spain (Trinidad),2023-03,550,22.07,20.95,3.41,0,439
Port of Spain (Trinidad),2023-04,550,21.86,24.85,3.82,0,427
Port of Spain (Trinidad),2023-05,550,21.71,27.12,3.47,0,499
Port of Spain (Trinidad),2023-06,550,22.15,24.16,2.75,1,495
Port of Spain (Trinidad),2023-07,550,21.73,28.22,3.46,1,427
Port of Spain (Trinidad),2023-08,550,21.7,19.29,4.71,1,459
Port of Spain (Trinidad),2023-09,550,22.24,25.01,3.41,0,491
Port of Spain (Trinidad),2023-10,550,22.61,23.82,2.8,0,576
Port of Spain (Trinidad),2023-11,550,22.98,23.34,5.17,0,552
Port of Spain (Trinidad),2023-12,550,22.74,22.61,2.72,0,532
Nassau (Bahamas),2016-01,275,18.2,24.81,3.59,0,220
Nassau (Bahamas),2016-02,275,18.52,18.32,3.93,0,104
Nassau (Bahamas),2016-03,275,18.25,22.69,4.13,0,176
Nassau (Bahamas),2016-04,275,18.85,23.77,3.72,0,200
Nassau (Bahamas),2016-05,275,18.5,22.42,3.53,0,68
Nassau (Bahamas),2016-06,275,18.17,18.98,3.17,1,201
Nassau (Bahamas),2016-07,275,18.5,17.92,2.8,1,146
Nassau (Bahamas),2016-08,275,18.52,23.01,4.0,1,179
Nassau (Bahamas),2016-09,275,18.39,23.91,2.75,0,64
Nassau (Bahamas),2016-10,275,18.6,23.61,2.76,0,263
Nassau (Bahamas),2016-11,275,18.42,27.59,3.31,0,131
Nassau (Bahamas),2016-12,275,18.84,21.54,1.76,0,177
Nassau (Bahamas),2017-01,275,18.84,24.54,1.74,0,219
Nassau (Bahamas),2017-02,275,19.03,27.71,4.26,0,133
Nassau (Bahamas),2017-03,275,19.23,25.48,3.83,0,244
Nassau (Bahamas),2017-04,275,19.09,22.05,4.36,0,231
Nassau (Bahamas),2017-05,275,18.97,15.78,3.2,0,268
Nassau (Bahamas),2017-06,275,19.48,24.56,3.16,1,274
Nassau (Bahamas),2017-07,275,20.05,19.56,3.49,1,203
Nassau (Bahamas),2017-08,275,19.08,21.82,3.13,1,211
Nassau (Bahamas),2017-09,275,19.37,21.74,3.06,0,209
Nassau (Bahamas),2017-10,275,19.5,23.52,3.12,0,124
Nassau (Bahamas),2017-11,275,19.58,22.31,2.83,0,221
Nassau (Bahamas),2017-12,275,19.87,21.18,2.77,0,216
Nassau (Bahamas),2018-01,275,20.34,24.5,4.2,0,198
Nassau (Bahamas),2018-02,275,20.2,22.86,3.6,0,115
Nassau (Bahamas),2018-03,275,20.12,26.23,2.87,0,159
Nassau (Bahamas),2018-04,275,20.49,24.72,2.53,0,264
Nassau (Bahamas),2018-05,275,20.46,20.49,3.21,0,278
Nassau (Bahamas),2018-06,275,19.61,23.53,3.1,1,225
Nassau (Bahamas),2018-07,275,19.54,20.68,3.6,1,277
Nassau (Bahamas),2018-08,275,19.22,25.71,2.41,1,239
Nassau (Bahamas),2018-09,275,18.14,22.15,1.88,0,154
Nassau (Bahamas),2018-10,275,18.58,24.59,4.15,0,155
Nassau (Bahamas),2018-11,275,17.44,17.42,3.03,0,93
Nassau (Bahamas),2018-12,275,18.21,23.6,3.82,0,175
Nassau (Bahamas),2019-01,275,18.63,17.87,4.14,0,56
Nassau (Bahamas),2019-02,275,18.79,28.77,2.97,0,188
Nassau (Bahamas),2019-03,275,18.45,28.34,2.61,0,276
Nassau (Bahamas),2019-04,275,17.99,24.12,3.98,0,250
Nassau (Bahamas),2019-05,275,18.42,21.28,4.21,0,34
Nassau (Bahamas),2019-06,275,18.53,26.99,3.07,1,242
Nassau (Bahamas),2019-07,275,18.47,24.6,3.95,1,171
Nassau (Bahamas),2019-08,275,18.93,22.98,2.1,1,190
Nassau (Bahamas),2019-09,275,18.68,22.81,3.27,0,148
Nassau (Bahamas),2019-10,275,18.8,27.9,4.79,0,93
Nassau (Bahamas),2019-11,275,19.31,22.11,3.2,0,285
Nassau (Bahamas),2019-12,275,19.36,20.93,3.78,0,20
Nassau (Bahamas),2020-01,275,18.69,21.27,4.19,0,196
Nassau (Bahamas),2020-02,275,19.04,16.67,2.88,0,86
Nassau (Bahamas),2020-03,275,19.79,25.09,3.1,0,228
Nassau (Bahamas),2020-04,275,19.94,27.93,2.85,0,173
Nassau (Bahamas),2020-05,275,20.47,27.35,3.35,0,269
Nassau (Bahamas),2020-06,275,19.86,22.79,3.89,1,160
Nassau (Bahamas),2020-07,275,19.49,24.04,3.23,1,200
Nassau (Bahamas),2020-08,275,19.42,23.24,4.13,1,128
Nassau (Bahamas),2020-09,275,19.92,27.81,2.9,0,168
Nassau (Bahamas),2020-10,275,19.53,23.78,3.74,0,206
Nassau (Bahamas),2020-11,275,19.84,24.59,3.51,0,75
Nassau (Bahamas),2020-12,275,19.74,25.15,4.11,0,188
Nassau (Bahamas),2021-01,275,20.6,22.21,3.19,0,200
Nassau (Bahamas),2021-02,275,20.67,22.33,4.16,0,250
Nassau (Bahamas),2021-03,275,20.89,25.58,2.99,0,208
Nassau (Bahamas),2021-04,275,20.64,27.44,3.58,0,231
Nassau (Bahamas),2021-05,275,20.45,26.86,3.52,0,162
Nassau (Bahamas),2021-06,275,20.51,28.59,3.53,1,268
Nassau (Bahamas),2021-07,275,20.01,19.98,4.59,1,120
Nassau (Bahamas),2021-08,275,20.38,28.53,3.78,1,164
Nassau (Bahamas),2021-09,275,19.71,21.91,3.2,0,174
Nassau (Bahamas),2021-10,275,19.93,25.37,4.3,0,164
Nassau (Bahamas),2021-11,275,20.52,20.61,4.75,0,7
Nassau (Bahamas),2021-12,275,20.87,27.29,1.91,0,208
Nassau (Bahamas),2022-01,275,20.53,31.39,3.42,0,224
Nassau (Bahamas),2022-02,275,19.98,26.74,3.67,0,262
Nassau (Bahamas),2022-03,275,20.01,24.17,3.02,0,176
Nassau (Bahamas),2022-04,275,19.47,29.94,4.23,0,173
Nassau (Bahamas),2022-05,275,19.89,20.88,4.23,0,109
Nassau (Bahamas),2022-06,275,20.04,26.52,2.79,1,200
Nassau (Bahamas),2022-07,275,19.83,25.43,3.78,1,99
Nassau (Bahamas),2022-08,275,20.11,30.57,2.31,1,237
Nassau (Bahamas),2022-09,275,21.17,21.13,3.69,0,197
Nassau (Bahamas),2022-10,275,21.43,21.57,2.01,0,260
Nassau (Bahamas),2022-11,275,21.51,26.65,2.09,0,210
Nassau (Bahamas),2022-12,275,21.29,20.39,2.8,0,160
Nassau (Bahamas),2023-01,275,21.11,28.9,3.8,0,179
Nassau (Bahamas),2023-02,275,21.91,22.54,4.09,0,163
Nassau (Bahamas),2023-03,275,21.78,22.34,4.86,0,90
Nassau (Bahamas),2023-04,275,21.89,25.43,3.11,0,175
Nassau (Bahamas),2023-05,275,22.33,23.16,3.06,0,234
Nassau (Bahamas),2023-06,275,22.61,22.64,2.99,1,197
Nassau (Bahamas),2023-07,275,22.19,28.76,4.01,1,285
Nassau (Bahamas),2023-08,275,22.26,25.87,3.18,1,152
Nassau (Bahamas),2023-09,275,21.91,21.44,3.9,0,86
Nassau (Bahamas),2023-10,275,21.27,23.51,3.28,0,159
Nassau (Bahamas),2023-11,275,21.32,25.58,4.55,0,207
Nassau (Bahamas),2023-12,275,21.67,26.56,2.95,0,273
Bridgetown (Barbados),2016-01,110,9.37,25.23,2.89,0,110
Bridgetown (Barbados),2016-02,110,9.32,28.02,2.26,0,5
Bridgetown (Barbados),2016-03,110,9.41,29.24,2.64,0,66
Bridgetown (Barbados),2016-04,110,8.91,16.36,3.78,0,5
Bridgetown (Barbados),2016-05,110,9.09,21.49,2.97,0,5
Bridgetown (Barbados),2016-06,110,9.62,20.68,4.56,1,5
Bridgetown (Barbados),2016-07,110,10.13,20.36,4.3,1,5
Bridgetown (Barbados),2016-08,110,9.69,25.88,3.75,1,119
Bridgetown (Barbados),2016-09,110,10.62,24.54,3.17,0,5
Bridgetown (Barbados),2016-10,110,10.48,23.43,3.74,0,5
Bridgetown (Barbados),2016-11,110,10.19,25.08,3.67,0,93
Bridgetown (Barbados),2016-12,110,10.7,22.31,3.03,0,125
Bridgetown (Barbados),2017-01,110,11.23,28.23,3.52,0,5
Bridgetown (Barbados),2017-02,110,11.24,25.81,3.84,0,5
Bridgetown (Barbados),2017-03,110,11.1,26.18,2.77,0,61
Bridgetown (Barbados),2017-04,110,10.77,34.0,2.92,0,146
Bridgetown (Barbados),2017-05,110,10.26,21.21,2.54,0,5
Bridgetown (Barbados),2017-06,110,10.13,22.49,3.19,1,55
Bridgetown (Barbados),2017-07,110,9.49,19.23,3.62,1,68
Bridgetown (Barbados),2017-08,110,9.37,23.02,3.91,1,5
Bridgetown (Barbados),2017-09,110,10.2,23.7,2.54,0,5
Bridgetown (Barbados),2017-10,110,10.46,23.16,1.98,0,35
Bridgetown (Barbados),2017-11,110,10.05,22.55,4.43,0,37
Bridgetown (Barbados),2017-12,110,11.0,21.03,3.71,0,33
Bridgetown (Barbados),2018-01,110,11.57,27.44,2.9,0,150
Bridgetown (Barbados),2018-02,110,11.83,21.15,3.87,0,5
Bridgetown (Barbados),2018-03,110,11.73,25.68,3.69,0,86
Bridgetown (Barbados),2018-04,110,12.11,23.67,4.73,0,5
Bridgetown (Barbados),2018-05,110,12.06,23.76,3.8,0,60
Bridgetown (Barbados),2018-06,110,12.68,23.9,4.14,1,49
Bridgetown (Barbados),2018-07,110,12.57,24.16,2.3,1,56
Bridgetown (Barbados),2018-08,110,12.85,23.45,4.71,1,5
Bridgetown (Barbados),2018-09,110,12.91,22.24,3.03,0,5
Bridgetown (Barbados),2018-10,110,12.76,25.24,3.22,0,5
Bridgetown (Barbados),2018-11,110,13.25,20.19,3.62,0,26
Bridgetown (Barbados),2018-12,110,13.53,22.05,4.42,0,5
Bridgetown (Barbados),2019-01,110,14.0,27.55,4.36,0,82
Bridgetown (Barbados),2019-02,110,14.46,24.19,3.09,0,5
Bridgetown (Barbados),2019-03,110,14.91,22.15,2.72,0,5
Bridgetown (Barbados),2019-04,110,15.4,25.73,3.73,0,87
Bridgetown (Barbados),2019-05,110,15.74,25.97,2.64,0,32
Bridgetown (Barbados),2019-06,110,16.01,25.79,4.24,1,57
Bridgetown (Barbados),2019-07,110,16.63,21.31,3.33,1,95
Bridgetown (Barbados),2019-08,110,17.08,24.38,3.99,1,47
Bridgetown (Barbados),2019-09,110,16.99,27.59,2.72,0,157
Bridgetown (Barbados),2019-10,110,16.73,25.05,3.16,0,57
Bridgetown (Barbados),2019-11,110,16.99,25.88,3.94,0,41
Bridgetown (Barbados),2019-12,110,16.91,25.51,1.65,0,117
Bridgetown (Barbados),2020-01,110,16.56,22.81,3.42,0,5
Bridgetown (Barbados),2020-02,110,16.66,25.58,3.65,0,5
Bridgetown (Barbados),2020-03,110,16.71,25.05,3.48,0,82
Bridgetown (Barbados),2020-04,110,16.4,22.37,4.55,0,5
Bridgetown (Barbados),2020-05,110,16.38,28.22,3.05,0,5
Bridgetown (Barbados),2020-06,110,16.36,26.16,3.39,1,9
Bridgetown (Barbados),2020-07,110,16.0,25.04,3.05,1,62
Bridgetown (Barbados),2020-08,110,15.76,26.75,2.55,1,95
Bridgetown (Barbados),2020-09,110,15.29,23.66,3.12,0,11
Bridgetown (Barbados),2020-10,110,15.39,27.88,3.22,0,51
Bridgetown (Barbados),2020-11,110,15.37,26.51,3.45,0,11
Bridgetown (Barbados),2020-12,110,14.99,24.26,4.5,0,34
Bridgetown (Barbados),2021-01,110,14.56,26.15,3.8,0,35
Bridgetown (Barbados),2021-02,110,14.43,19.11,3.5,0,7
Bridgetown (Barbados),2021-03,110,14.08,25.8,3.51,0,79
Bridgetown (Barbados),2021-04,110,14.34,23.57,3.87,0,127
Bridgetown (Barbados),2021-05,110,14.34,24.45,2.44,0,5
Bridgetown (Barbados),2021-06,110,14.23,29.08,3.66,1,52
Bridgetown (Barbados),2021-07,110,13.26,28.37,2.93,1,179
Bridgetown (Barbados),2021-08,110,13.22,25.31,2.5,1,158
Bridgetown (Barbados),2021-09,110,13.22,26.43,3.6,0,5
Bridgetown (Barbados),2021-10,110,12.98,23.98,3.16,0,14
Bridgetown (Barbados),2021-11,110,13.07,23.06,3.16,0,5
Bridgetown (Barbados),2021-12,110,11.98,26.9,4.03,0,5
Bridgetown (Barbados),2022-01,110,12.45,18.62,2.21,0,5
Bridgetown (Barbados),2022-02,110,12.89,19.96,4.1,0,5
Bridgetown (Barbados),2022-03,110,12.69,26.24,3.62,0,5
Bridgetown (Barbados),2022-04,110,12.12,27.99,3.01,0,64
Bridgetown (Barbados),2022-05,110,11.9,26.49,2.21,0,52
Bridgetown (Barbados),2022-06,110,11.87,27.95,2.83,1,5
Bridgetown (Barbados),2022-07,110,12.04,26.3,3.83,1,6
Bridgetown (Barbados),2022-08,110,12.07,28.21,3.46,1,57
Bridgetown (Barbados),2022-09,110,11.83,20.17,4.98,0,5
Bridgetown (Barbados),2022-10,110,11.24,28.42,4.0,0,5
Bridgetown (Barbados),2022-11,110,11.48,27.1,3.91,0,5
Bridgetown (Barbados),2022-12,110,11.75,28.02,3.3,0,32
Bridgetown (Barbados),2023-01,110,11.64,18.93,3.38,0,54
Bridgetown (Barbados),2023-02,110,11.63,22.7,5.17,0,5
Bridgetown (Barbados),2023-03,110,11.68,24.46,4.2,0,5
Bridgetown (Barbados),2023-04,110,11.64,29.83,2.98,0,38
Bridgetown (Barbados),2023-05,110,11.41,23.29,3.1,0,5
Bridgetown (Barbados),2023-06,110,11.49,21.17,3.95,1,5
Bridgetown (Barbados),2023-07,110,11.69,25.4,3.88,1,84
Bridgetown (Barbados),2023-08,110,11.55,23.99,3.27,1,25
Bridgetown (Barbados),2023-09,110,11.24,25.47,3.86,0,5
Bridgetown (Barbados),2023-10,110,11.67,19.97,3.81,0,14
Bridgetown (Barbados),2023-11,110,11.29,25.29,4.51,0,21
Bridgetown (Barbados),2023-12,110,12.29,26.38,2.64,0,46
Georgetown (Guyana),2016-01,235,12.49,29.92,3.82,0,182
Georgetown (Guyana),2016-02,235,12.18,25.55,1.5,0,163
Georgetown (Guyana),2016-03,235,12.48,29.24,3.48,0,142
Georgetown (Guyana),2016-04,235,12.54,19.54,3.63,0,97
Georgetown (Guyana),2016-05,235,12.52,27.15,4.89,0,88
Georgetown (Guyana),2016-06,235,12.22,24.06,3.36,1,116
Georgetown (Guyana),2016-07,235,11.81,24.41,4.82,1,121
Georgetown (Guyana),2016-08,235,11.51,25.58,3.09,1,78
Georgetown (Guyana),2016-09,235,11.17,28.07,3.37,0,109
Georgetown (Guyana),2016-10,235,10.88,19.62,3.82,0,81
Georgetown (Guyana),2016-11,235,10.9,24.24,3.0,0,108
Georgetown (Guyana),2016-12,235,10.56,23.78,3.18,0,201
Georgetown (Guyana),2017-01,235,10.44,22.99,3.67,0,122
Georgetown (Guyana),2017-02,235,10.5,24.73,4.66,0,55
Georgetown (Guyana),2017-03,235,10.83,31.7,2.06,0,221
Georgetown (Guyana),2017-04,235,11.17,20.01,2.94,0,58
Georgetown (Guyana),2017-05,235,11.21,29.51,5.34,0,66
Georgetown (Guyana),2017-06,235,10.87,25.56,4.78,1,118
Georgetown (Guyana),2017-07,235,10.96,27.18,3.12,1,151
Georgetown (Guyana),2017-08,235,11.06,18.6,4.38,1,47
Georgetown (Guyana),2017-09,235,11.48,22.49,5.08,0,72
Georgetown (Guyana),2017-10,235,11.56,28.76,2.92,0,161
Georgetown (Guyana),2017-11,235,11.29,24.88,4.34,0,86
Georgetown (Guyana),2017-12,235,11.48,29.53,2.83,0,252
Georgetown (Guyana),2018-01,235,12.24,24.8,3.61,0,74
Georgetown (Guyana),2018-02,235,12.05,20.22,3.21,0,190
Georgetown (Guyana),2018-03,235,12.13,24.17,3.6,0,52
Georgetown (Guyana),2018-04,235,11.95,16.03,3.37,0,128
Georgetown (Guyana),2018-05,235,12.16,26.57,4.38,0,88
Georgetown (Guyana),2018-06,235,12.73,23.94,3.99,1,88
Georgetown (Guyana),2018-07,235,11.95,27.83,3.49,1,144
Georgetown (Guyana),2018-08,235,11.81,23.1,2.52,1,242
Georgetown (Guyana),2018-09,235,11.9,22.09,2.48,0,162
Georgetown (Guyana),2018-10,235,12.03,27.68,3.89,0,119
Georgetown (Guyana),2018-11,235,12.04,23.3,4.16,0,173
Georgetown (Guyana),2018-12,235,12.46,21.34,2.93,0,46
Georgetown (Guyana),2019-01,235,13.5,23.94,3.42,0,169
Georgetown (Guyana),2019-02,235,13.58,26.03,4.38,0,122
Georgetown (Guyana),2019-03,235,14.04,21.04,1.5,0,152
Georgetown (Guyana),2019-04,235,14.43,25.33,3.65,0,138
Georgetown (Guyana),2019-05,235,14.27,27.3,2.94,0,173
Georgetown (Guyana),2019-06,235,13.85,22.25,2.54,1,169
Georgetown (Guyana),2019-07,235,13.51,29.3,2.64,1,230
Georgetown (Guyana),2019-08,235,14.23,23.35,2.68,1,138
Georgetown (Guyana),2019-09,235,13.84,23.17,2.91,0,91
Georgetown (Guyana),2019-10,235,13.69,26.86,3.84,0,129
Georgetown (Guyana),2019-11,235,13.88,19.13,2.2,0,92
Georgetown (Guyana),2019-12,235,13.87,22.92,5.06,0,30
Georgetown (Guyana),2020-01,235,14.03,28.7,3.88,0,184
Georgetown (Guyana),2020-02,235,14.24,19.36,4.25,0,67
Georgetown (Guyana),2020-03,235,13.54,29.79,2.59,0,140
Georgetown (Guyana),2020-04,235,13.85,25.15,4.57,0,86
Georgetown (Guyana),2020-05,235,13.46,25.55,2.88,0,40
Georgetown (Guyana),2020-06,235,12.94,27.09,2.63,1,174
Georgetown (Guyana),2020-07,235,12.87,21.11,4.99,1,22
Georgetown (Guyana),2020-08,235,12.5,27.08,3.25,1,145
Georgetown (Guyana),2020-09,235,12.67,25.32,3.78,0,227
Georgetown (Guyana),2020-10,235,12.56,28.96,3.39,0,233
Georgetown (Guyana),2020-11,235,11.4,24.96,3.49,0,67
Georgetown (Guyana),2020-12,235,11.46,20.75,3.87,0,148
Georgetown (Guyana),2021-01,235,10.73,26.43,5.66,0,5
Georgetown (Guyana),2021-02,235,10.95,22.36,2.95,0,106
Georgetown (Guyana),2021-03,235,10.84,29.56,2.45,0,128
Georgetown (Guyana),2021-04,235,10.78,19.44,4.18,0,5
Georgetown (Guyana),2021-05,235,10.63,26.59,4.02,0,39
Georgetown (Guyana),2021-06,235,10.27,24.51,4.46,1,84
Georgetown (Guyana),2021-07,235,10.16,21.4,2.96,1,245
Georgetown (Guyana),2021-08,235,9.97,22.92,3.24,1,143
Georgetown (Guyana),2021-09,235,9.03,26.26,2.85,0,33
Georgetown (Guyana),2021-10,235,9.7,27.25,3.81,0,156
Georgetown (Guyana),2021-11,235,9.8,25.86,3.11,0,84
Georgetown (Guyana),2021-12,235,9.91,31.14,3.89,0,16
Georgetown (Guyana),2022-01,235,10.09,26.78,3.3,0,24
Georgetown (Guyana),2022-02,235,9.81,22.48,2.85,0,64
Georgetown (Guyana),2022-03,235,9.42,27.83,1.5,0,185
Georgetown (Guyana),2022-04,235,9.14,22.3,3.34,0,41
Georgetown (Guyana),2022-05,235,9.2,27.62,3.45,0,55
Georgetown (Guyana),2022-06,235,8.63,23.92,4.5,1,79
Georgetown (Guyana),2022-07,235,8.63,20.93,4.78,1,5
Georgetown (Guyana),2022-08,235,9.28,23.87,2.1,1,150
Georgetown (Guyana),2022-09,235,8.99,24.29,2.27,0,65
Georgetown (Guyana),2022-10,235,8.19,25.35,2.94,0,56
Georgetown (Guyana),2022-11,235,8.49,22.87,4.08,0,21
Georgetown (Guyana),2022-12,235,8.29,28.47,3.22,0,174
Georgetown (Guyana),2023-01,235,7.89,19.55,4.29,0,5
Georgetown (Guyana),2023-02,235,8.61,22.42,2.96,0,11
Georgetown (Guyana),2023-03,235,8.62,26.5,3.6,0,58
Georgetown (Guyana),2023-04,235,8.83,16.96,4.17,0,15
Georgetown (Guyana),2023-05,235,8.5,23.3,3.63,0,16
Georgetown (Guyana),2023-06,235,8.33,27.11,4.07,1,143
Georgetown (Guyana),2023-07,235,8.69,21.14,3.59,1,100
Georgetown (Guyana),2023-08,235,9.45,23.1,2.6,1,107
Georgetown (Guyana),2023-09,235,9.61,17.05,4.78,0,5
Georgetown (Guyana),2023-10,235,9.46,25.45,4.55,0,57
Georgetown (Guyana),2023-11,235,9.46,23.95,3.84,0,43
Georgetown (Guyana),2023-12,235,9.11,23.94,3.09,0,45
Castries (Saint Lucia),2016-01,70,12.06,24.07,4.51,0,49
Castries (Saint Lucia),2016-02,70,12.19,21.29,6.0,0,5
Castries (Saint Lucia),2016-03,70,12.1,22.42,4.69,0,5
Castries (Saint Lucia),2016-04,70,12.07,22.94,5.13,0,25
Castries (Saint Lucia),2016-05,70,11.98,24.29,5.59,0,5
Castries (Saint Lucia),2016-06,70,11.43,24.43,3.12,1,5
Castries (Saint Lucia),2016-07,70,11.82,24.9,3.15,1,161
Castries (Saint Lucia),2016-08,70,11.55,19.04,3.69,1,78
Castries (Saint Lucia),2016-09,70,12.42,22.51,2.57,0,5
Castries (Saint Lucia),2016-10,70,12.76,25.14,2.17,0,97
Castries (Saint Lucia),2016-11,70,12.72,24.68,2.74,0,127
Castries (Saint Lucia),2016-12,70,12.15,27.87,4.61,0,77
Castries (Saint Lucia),2017-01,70,12.25,25.58,2.3,0,5
Castries (Saint Lucia),2017-02,70,11.95,20.3,3.1,0,5
Castries (Saint Lucia),2017-03,70,11.74,26.86,3.9,0,36
Castries (Saint Lucia),2017-04,70,11.82,21.44,5.22,0,7
Castries (Saint Lucia),2017-05,70,12.17,25.33,3.0,0,35
Castries (Saint Lucia),2017-06,70,11.65,21.05,3.14,1,5
Castries (Saint Lucia),2017-07,70,11.08,19.36,2.73,1,5
Castries (Saint Lucia),2017-08,70,11.0,24.35,3.76,1,5
Castries (Saint Lucia),2017-09,70,11.32,30.09,2.83,0,48
Castries (Saint Lucia),2017-10,70,11.47,22.16,3.73,0,5
Castries (Saint Lucia),2017-11,70,11.31,21.05,4.76,0,13
Castries (Saint Lucia),2017-12,70,10.82,20.64,4.43,0,5
Castries (Saint Lucia),2018-01,70,10.14,21.6,3.19,0,5
Castries (Saint Lucia),2018-02,70,10.53,23.01,3.31,0,5
Castries (Saint Lucia),2018-03,70,10.8,26.33,4.13,0,5
Castries (Saint Lucia),2018-04,70,10.89,25.92,5.03,0,5
Castries (Saint Lucia),2018-05,70,10.85,24.24,4.01,0,5
Castries (Saint Lucia),2018-06,70,11.15,19.12,3.67,1,28
Castries (Saint Lucia),2018-07,70,10.33,29.71,5.33,1,5
Castries (Saint Lucia),2018-08,70,10.35,28.41,3.74,1,101
Castries (Saint Lucia),2018-09,70,10.22,22.1,2.22,0,5
Castries (Saint Lucia),2018-10,70,10.26,22.89,3.08,0,5
Castries (Saint Lucia),2018-11,70,10.49,26.64,2.89,0,5
Castries (Saint Lucia),2018-12,70,10.97,18.31,2.72,0,102
Castries (Saint Lucia),2019-01,70,10.55,24.94,3.51,0,94
Castries (Saint Lucia),2019-02,70,10.48,23.87,3.65,0,27
Castries (Saint Lucia),2019-03,70,10.72,26.29,2.86,0,71
Castries (Saint Lucia),2019-04,70,10.57,26.0,3.48,0,5
Castries (Saint Lucia),2019-05,70,10.31,24.82,3.43,0,14
Castries (Saint Lucia),2019-06,70,9.58,21.58,4.15,1,5
Castries (Saint Lucia),2019-07,70,10.45,24.65,3.02,1,93
Castries (Saint Lucia),2019-08,70,10.77,27.42,2.59,1,51
Castries (Saint Lucia),2019-09,70,10.94,20.73,3.27,0,5
Castries (Saint Lucia),2019-10,70,10.71,27.66,4.9,0,14
Castries (Saint Lucia),2019-11,70,10.6,26.45,2.99,0,73
Castries (Saint Lucia),2019-12,70,11.35,21.71,4.04,0,5
Castries (Saint Lucia),2020-01,70,11.45,18.91,3.53,0,5
Castries (Saint Lucia),2020-02,70,10.99,27.85,3.33,0,51
Castries (Saint Lucia),2020-03,70,10.99,19.45,3.19,0,5
Castries (Saint Lucia),2020-04,70,11.37,22.66,2.16,0,5
Castries (Saint Lucia),2020-05,70,10.74,23.58,5.04,0,5
Castries (Saint Lucia),2020-06,70,10.65,22.84,3.48,1,58
Castries (Saint Lucia),2020-07,70,10.83,25.16,2.69,1,54
Castries (Saint Lucia),2020-08,70,9.99,24.27,4.6,1,5
Castries (Saint Lucia),2020-09,70,10.63,22.52,2.94,0,5
Castries (Saint Lucia),2020-10,70,10.59,27.68,2.64,0,32
Castries (Saint Lucia),2020-11,70,10.8,23.44,5.69,0,5
Castries (Saint Lucia),2020-12,70,10.86,26.91,2.15,0,77
Castries (Saint Lucia),2021-01,70,10.53,20.55,4.26,0,5
Castries (Saint Lucia),2021-02,70,10.73,25.51,1.96,0,5
Castries (Saint Lucia),2021-03,70,11.1,25.15,1.95,0,5
Castries (Saint Lucia),2021-04,70,11.06,25.83,4.26,0,54
Castries (Saint Lucia),2021-05,70,11.23,24.82,2.73,0,5
Castries (Saint Lucia),2021-06,70,11.61,25.27,1.5,1,111
Castries (Saint Lucia),2021-07,70,11.61,22.98,3.56,1,6
Castries (Saint Lucia),2021-08,70,11.32,21.66,3.45,1,5
Castries (Saint Lucia),2021-09,70,11.4,21.01,4.7,0,5
Castries (Saint Lucia),2021-10,70,11.51,30.14,4.49,0,5
Castries (Saint Lucia),2021-11,70,11.79,26.43,3.42,0,5
Castries (Saint Lucia),2021-12,70,11.32,22.59,2.02,0,5
Castries (Saint Lucia),2022-01,70,11.44,23.61,3.12,0,5
Castries (Saint Lucia),2022-02,70,11.45,20.87,1.77,0,5
Castries (Saint Lucia),2022-03,70,11.46,23.67,2.81,0,5
Castries (Saint Lucia),2022-04,70,11.89,25.45,3.54,0,5
Castries (Saint Lucia),2022-05,70,11.89,21.96,3.58,0,5
Castries (Saint Lucia),2022-06,70,11.71,20.16,3.36,1,5
Castries (Saint Lucia),2022-07,70,11.81,27.34,4.53,1,5
Castries (Saint Lucia),2022-08,70,11.68,28.43,3.64,1,17
Castries (Saint Lucia),2022-09,70,11.75,23.2,4.77,0,5
Castries (Saint Lucia),2022-10,70,11.64,19.94,3.06,0,5
Castries (Saint Lucia),2022-11,70,10.64,29.33,3.94,0,5
Castries (Saint Lucia),2022-12,70,10.61,24.02,3.34,0,39
Castries (Saint Lucia),2023-01,70,10.41,22.52,2.9,0,5
Castries (Saint Lucia),2023-02,70,11.02,27.73,3.36,0,22
Castries (Saint Lucia),2023-03,70,11.09,26.93,3.96,0,51
Castries (Saint Lucia),2023-04,70,11.57,22.33,4.7,0,5
Castries (Saint Lucia),2023-05,70,11.35,24.84,2.5,0,5
Castries (Saint Lucia),2023-06,70,10.6,21.55,4.52,1,43
Castries (Saint Lucia),2023-07,70,10.83,23.45,5.38,1,5
Castries (Saint Lucia),2023-08,70,10.88,22.75,3.16,1,5
Castries (Saint Lucia),2023-09,70,11.21,24.28,2.55,0,5
Castries (Saint Lucia),2023-10,70,11.13,22.53,2.81,0,50
Castries (Saint Lucia),2023-11,70,10.72,24.45,4.27,0,14
Castries (Saint Lucia),2023-12,70,11.54,24.19,3.94,0,5
San Juan (Puerto Rico),2016-01,320,13.46,22.53,3.34,0,198
San Juan (Puerto Rico),2016-02,320,13.98,22.97,4.03,0,275
San Juan (Puerto Rico),2016-03,320,13.67,21.87,3.85,0,270
San Juan (Puerto Rico),2016-04,320,13.29,21.18,2.47,0,226
San Juan (Puerto Rico),2016-05,320,12.79,24.44,4.63,0,257
San Juan (Puerto Rico),2016-06,320,12.08,26.14,2.1,1,263
San Juan (Puerto Rico),2016-07,320,11.11,23.35,3.87,1,240
San Juan (Puerto Rico),2016-08,320,10.1,22.39,4.42,1,211
San Juan (Puerto Rico),2016-09,320,9.95,23.44,4.69,0,131
San Juan (Puerto Rico),2016-10,320,9.36,23.05,3.09,0,209
San Juan (Puerto Rico),2016-11,320,8.75,20.46,2.27,0,271
San Juan (Puerto Rico),2016-12,320,8.4,26.41,3.62,0,202
San Juan (Puerto Rico),2017-01,320,7.93,27.99,5.19,0,185
San Juan (Puerto Rico),2017-02,320,8.05,24.31,3.55,0,213
San Juan (Puerto Rico),2017-03,320,8.32,24.54,3.97,0,177
San Juan (Puerto Rico),2017-04,320,8.71,26.87,5.06,0,115
San Juan (Puerto Rico),2017-05,320,8.44,22.91,3.75,0,91
San Juan (Puerto Rico),2017-06,320,8.88,25.0,2.52,1,195
San Juan (Puerto Rico),2017-07,320,8.68,20.34,2.8,1,256
San Juan (Puerto Rico),2017-08,320,8.32,23.18,3.49,1,230
San Juan (Puerto Rico),2017-09,320,8.86,26.3,3.49,0,223
San Juan (Puerto Rico),2017-10,320,8.37,22.33,3.95,0,137
San Juan (Puerto Rico),2017-11,320,8.34,25.79,3.39,0,85
San Juan (Puerto Rico),2017-12,320,8.16,27.76,3.31,0,133
San Juan (Puerto Rico),2018-01,320,8.35,25.14,3.31,0,227
San Juan (Puerto Rico),2018-02,320,7.71,25.67,3.11,0,241
San Juan (Puerto Rico),2018-03,320,7.6,21.42,4.66,0,127
San Juan (Puerto Rico),2018-04,320,7.52,23.96,2.18,0,253
San Juan (Puerto Rico),2018-05,320,7.2,25.13,2.1,0,196
San Juan (Puerto Rico),2018-06,320,6.86,20.79,3.14,1,240
San Juan (Puerto Rico),2018-07,320,7.39,24.04,3.75,1,206
San Juan (Puerto Rico),2018-08,320,7.05,23.27,1.98,1,275
San Juan (Puerto Rico),2018-09,320,7.07,25.59,3.54,0,148
San Juan (Puerto Rico),2018-10,320,6.9,25.85,4.97,0,127
San Juan (Puerto Rico),2018-11,320,7.29,24.09,2.42,0,236
San Juan (Puerto Rico),2018-12,320,6.61,23.82,4.98,0,97
San Juan (Puerto Rico),2019-01,320,5.94,23.16,3.53,0,207
San Juan (Puerto Rico),2019-02,320,5.39,21.11,4.27,0,192
San Juan (Puerto Rico),2019-03,320,4.7,21.72,4.05,0,11
San Juan (Puerto Rico),2019-04,320,4.0,26.78,3.67,0,177
San Juan (Puerto Rico),2019-05,320,4.23,23.8,2.84,0,111
San Juan (Puerto Rico),2019-06,320,4.6,25.18,4.29,1,29
San Juan (Puerto Rico),2019-07,320,4.33,26.42,3.88,1,180
San Juan (Puerto Rico),2019-08,320,4.63,20.13,3.2,1,88
San Juan (Puerto Rico),2019-09,320,4.41,26.03,5.98,0,69
San Juan (Puerto Rico),2019-10,320,4.45,28.05,3.64,0,94
San Juan (Puerto Rico),2019-11,320,4.0,26.94,3.04,0,201
San Juan (Puerto Rico),2019-12,320,4.0,24.08,4.01,0,64
San Juan (Puerto Rico),2020-01,320,4.41,21.85,3.6,0,115
San Juan (Puerto Rico),2020-02,320,4.34,26.19,4.57,0,127
San Juan (Puerto Rico),2020-03,320,4.38,23.55,3.41,0,91
San Juan (Puerto Rico),2020-04,320,4.33,24.66,4.81,0,148
San Juan (Puerto Rico),2020-05,320,4.43,19.47,4.02,0,31
San Juan (Puerto Rico),2020-06,320,4.46,28.06,3.35,1,212
San Juan (Puerto Rico),2020-07,320,4.22,20.13,4.24,1,55
San Juan (Puerto Rico),2020-08,320,4.66,22.59,3.93,1,124
San Juan (Puerto Rico),2020-09,320,4.68,26.12,3.77,0,153
San Juan (Puerto Rico),2020-10,320,4.7,23.41,3.23,0,73
San Juan (Puerto Rico),2020-11,320,5.03,21.82,3.11,0,132
San Juan (Puerto Rico),2020-12,320,5.14,22.16,4.21,0,105
San Juan (Puerto Rico),2021-01,320,5.74,25.38,3.07,0,137
San Juan (Puerto Rico),2021-02,320,6.35,25.84,2.7,0,100
San Juan (Puerto Rico),2021-03,320,5.53,20.94,2.67,0,78
San Juan (Puerto Rico),2021-04,320,5.52,24.2,3.48,0,184
San Juan (Puerto Rico),2021-05,320,5.07,26.89,4.79,0,60
San Juan (Puerto Rico),2021-06,320,5.1,20.28,2.33,1,112
San Juan (Puerto Rico),2021-07,320,5.22,25.82,3.16,1,174
San Juan (Puerto Rico),2021-08,320,5.47,24.09,3.56,1,109
San Juan (Puerto Rico),2021-09,320,5.33,29.78,2.92,0,133
San Juan (Puerto Rico),2021-10,320,5.21,29.41,3.77,0,100
San Juan (Puerto Rico),2021-11,320,4.82,26.91,4.99,0,159
San Juan (Puerto Rico),2021-12,320,5.02,26.07,3.29,0,159
San Juan (Puerto Rico),2022-01,320,5.05,22.33,2.06,0,107
San Juan (Puerto Rico),2022-02,320,5.27,26.67,4.07,0,163
San Juan (Puerto Rico),2022-03,320,5.15,26.26,4.16,0,146
San Juan (Puerto Rico),2022-04,320,5.76,24.57,3.27,0,205
San Juan (Puerto Rico),2022-05,320,5.77,26.21,3.86,0,132
San Juan (Puerto Rico),2022-06,320,5.9,21.48,3.85,1,215
San Juan (Puerto Rico),2022-07,320,5.78,25.1,4.17,1,148
San Juan (Puerto Rico),2022-08,320,5.99,22.98,4.25,1,335
San Juan (Puerto Rico),2022-09,320,6.24,23.53,3.01,0,102
San Juan (Puerto Rico),2022-10,320,6.01,26.19,2.64,0,122
San Juan (Puerto Rico),2022-11,320,6.34,26.14,2.73,0,163
San Juan (Puerto Rico),2022-12,320,6.3,26.46,4.2,0,121
San Juan (Puerto Rico),2023-01,320,6.07,25.15,2.93,0,170
San Juan (Puerto Rico),2023-02,320,6.38,21.43,4.37,0,36
San Juan (Puerto Rico),2023-03,320,5.33,22.06,3.21,0,5
San Juan (Puerto Rico),2023-04,320,5.35,20.5,2.65,0,30
San Juan (Puerto Rico),2023-05,320,5.13,26.36,4.04,0,133
San Juan (Puerto Rico),2023-06,320,5.57,22.28,2.6,1,226
San Juan (Puerto Rico),2023-07,320,6.0,22.07,2.92,1,201
San Juan (Puerto Rico),2023-08,320,5.55,23.7,3.97,1,160
San Juan (Puerto Rico),2023-09,320,5.87,20.67,3.91,0,96
San Juan (Puerto Rico),2023-10,320,6.13,17.29,4.16,0,35
San Juan (Puerto Rico),2023-11,320,5.87,25.69,4.4,0,157
San Juan (Puerto Rico),2023-12,320,5.81,24.72,3.66,0,160
Santo Domingo (Dom. Rep.),2016-01,1000,7.58,28.13,3.46,0,920
Santo Domingo (Dom. Rep.),2016-02,1000,7.54,21.73,4.44,0,866
Santo Domingo (Dom. Rep.),2016-03,1000,7.84,24.15,3.17,0,882
Santo Domingo (Dom. Rep.),2016-04,1000,7.44,22.98,2.84,0,885
Santo Domingo (Dom. Rep.),2016-05,1000,7.43,19.94,3.51,0,878
Santo Domingo (Dom. Rep.),2016-06,1000,7.16,15.42,3.07,1,895
Santo Domingo (Dom. Rep.),2016-07,1000,7.8,23.84,3.39,1,861
Santo Domingo (Dom. Rep.),2016-08,1000,7.64,28.99,3.21,1,961
Santo Domingo (Dom. Rep.),2016-09,1000,8.39,28.56,2.74,0,858
Santo Domingo (Dom. Rep.),2016-10,1000,8.55,24.4,4.88,0,892
Santo Domingo (Dom. Rep.),2016-11,1000,8.1,26.1,3.15,0,924
Santo Domingo (Dom. Rep.),2016-12,1000,7.64,30.56,4.44,0,849
Santo Domingo (Dom. Rep.),2017-01,1000,7.75,20.55,2.86,0,888
Santo Domingo (Dom. Rep.),2017-02,1000,7.67,20.52,3.2,0,848
Santo Domingo (Dom. Rep.),2017-03,1000,7.76,20.39,2.83,0,972
Santo Domingo (Dom. Rep.),2017-04,1000,7.83,31.67,2.76,0,880
Santo Domingo (Dom. Rep.),2017-05,1000,7.98,18.21,3.73,0,882
Santo Domingo (Dom. Rep.),2017-06,1000,7.41,24.59,3.39,1,1009
Santo Domingo (Dom. Rep.),2017-07,1000,7.65,26.95,3.12,1,982
Santo Domingo (Dom. Rep.),2017-08,1000,7.86,28.65,3.58,1,888
Santo Domingo (Dom. Rep.),2017-09,1000,8.42,25.7,4.56,0,910
Santo Domingo (Dom. Rep.),2017-10,1000,8.71,21.18,4.38,0,870
Santo Domingo (Dom. Rep.),2017-11,1000,8.69,26.53,3.09,0,937
Santo Domingo (Dom. Rep.),2017-12,1000,8.55,29.8,4.07,0,925
Santo Domingo (Dom. Rep.),2018-01,1000,8.62,22.18,2.58,0,878
Santo Domingo (Dom. Rep.),2018-02,1000,9.09,20.65,2.8,0,842
Santo Domingo (Dom. Rep.),2018-03,1000,8.19,25.54,2.8,0,894
Santo Domingo (Dom. Rep.),2018-04,1000,7.36,24.49,4.01,0,912
Santo Domingo (Dom. Rep.),2018-05,1000,7.58,23.56,3.13,0,899
Santo Domingo (Dom. Rep.),2018-06,1000,7.3,25.84,4.11,1,907
Santo Domingo (Dom. Rep.),2018-07,1000,7.84,25.94,3.51,1,970
Santo Domingo (Dom. Rep.),2018-08,1000,7.7,24.82,4.36,1,877
Santo Domingo (Dom. Rep.),2018-09,1000,7.83,23.78,3.79,0,770
Santo Domingo (Dom. Rep.),2018-10,1000,8.47,18.83,2.69,0,861
Santo Domingo (Dom. Rep.),2018-11,1000,8.53,26.28,3.04,0,742
Santo Domingo (Dom. Rep.),2018-12,1000,8.4,28.04,3.94,0,961
Santo Domingo (Dom. Rep.),2019-01,1000,8.53,27.74,3.83,0,901
Santo Domingo (Dom. Rep.),2019-02,1000,8.68,26.83,3.02,0,973
Santo Domingo (Dom. Rep.),2019-03,1000,8.31,25.87,3.46,0,886
Santo Domingo (Dom. Rep.),2019-04,1000,7.92,25.17,3.1,0,859
Santo Domingo (Dom. Rep.),2019-05,1000,7.47,23.51,3.56,0,800
Santo Domingo (Dom. Rep.),2019-06,1000,7.4,23.65,2.13,1,925
Santo Domingo (Dom. Rep.),2019-07,1000,8.35,24.49,2.91,1,970
Santo Domingo (Dom. Rep.),2019-08,1000,7.83,26.24,3.53,1,895
Santo Domingo (Dom. Rep.),2019-09,1000,7.0,27.42,1.5,0,883
Santo Domingo (Dom. Rep.),2019-10,1000,6.82,20.6,2.35,0,842
Santo Domingo (Dom. Rep.),2019-11,1000,6.75,22.68,2.71,0,833
Santo Domingo (Dom. Rep.),2019-12,1000,6.42,29.01,3.93,0,835
Santo Domingo (Dom. Rep.),2020-01,1000,6.36,25.87,4.66,0,815
Santo Domingo (Dom. Rep.),2020-02,1000,6.37,19.87,3.92,0,799
Santo Domingo (Dom. Rep.),2020-03,1000,6.65,24.62,4.13,0,875
Santo Domingo (Dom. Rep.),2020-04,1000,6.52,24.0,2.32,0,881
Santo Domingo (Dom. Rep.),2020-05,1000,6.48,24.35,2.87,0,865
Santo Domingo (Dom. Rep.),2020-06,1000,6.27,27.46,4.17,1,893
Santo Domingo (Dom. Rep.),2020-07,1000,5.94,23.75,3.81,1,843
Santo Domingo (Dom. Rep.),2020-08,1000,5.86,24.74,1.5,1,894
Santo Domingo (Dom. Rep.),2020-09,1000,5.8,21.12,3.82,0,783
Santo Domingo (Dom. Rep.),2020-10,1000,5.56,19.01,4.4,0,799
Santo Domingo (Dom. Rep.),2020-11,1000,5.58,18.6,2.38,0,810
Santo Domingo (Dom. Rep.),2020-12,1000,6.15,29.82,3.15,0,1005
Santo Domingo (Dom. Rep.),2021-01,1000,6.22,24.66,1.84,0,907
Santo Domingo (Dom. Rep.),2021-02,1000,6.01,19.65,2.71,0,975
Santo Domingo (Dom. Rep.),2021-03,1000,5.86,27.2,4.36,0,896
Santo Domingo (Dom. Rep.),2021-04,1000,5.71,24.2,2.86,0,816
Santo Domingo (Dom. Rep.),2021-05,1000,5.16,26.36,2.55,0,812
Santo Domingo (Dom. Rep.),2021-06,1000,4.76,21.69,3.76,1,855
Santo Domingo (Dom. Rep.),2021-07,1000,4.95,24.96,3.54,1,843
Santo Domingo (Dom. Rep.),2021-08,1000,5.76,22.43,3.32,1,875
Santo Domingo (Dom. Rep.),2021-09,1000,5.6,21.69,2.61,0,935
Santo Domingo (Dom. Rep.),2021-10,1000,5.34,17.61,3.59,0,881
Santo Domingo (Dom. Rep.),2021-11,1000,5.52,25.12,2.68,0,751
Santo Domingo (Dom. Rep.),2021-12,1000,6.31,22.75,3.34,0,871
Santo Domingo (Dom. Rep.),2022-01,1000,7.1,23.51,4.09,0,739
Santo Domingo (Dom. Rep.),2022-02,1000,7.09,16.46,2.08,0,856
Santo Domingo (Dom. Rep.),2022-03,1000,7.7,22.78,2.7,0,936
Santo Domingo (Dom. Rep.),2022-04,1000,7.38,24.65,3.04,0,930
Santo Domingo (Dom. Rep.),2022-05,1000,6.29,26.09,2.67,0,798
Santo Domingo (Dom. Rep.),2022-06,1000,6.11,29.22,3.58,1,851
Santo Domingo (Dom. Rep.),2022-07,1000,5.75,22.96,4.49,1,841
Santo Domingo (Dom. Rep.),2022-08,1000,5.85,23.46,2.24,1,882
Santo Domingo (Dom. Rep.),2022-09,1000,5.87,23.19,2.79,0,844
Santo Domingo (Dom. Rep.),2022-10,1000,5.82,23.12,1.5,0,779
Santo Domingo (Dom. Rep.),2022-11,1000,6.05,22.32,3.0,0,862
Santo Domingo (Dom. Rep.),2022-12,1000,6.42,27.25,3.49,0,874
Santo Domingo (Dom. Rep.),2023-01,1000,6.94,23.17,3.2,0,803
Santo Domingo (Dom. Rep.),2023-02,1000,7.3,22.46,4.02,0,753
Santo Domingo (Dom. Rep.),2023-03,1000,7.76,22.45,3.72,0,830
Santo Domingo (Dom. Rep.),2023-04,1000,7.93,28.57,3.9,0,937
Santo Domingo (Dom. Rep.),2023-05,1000,7.39,22.51,3.23,0,801
Santo Domingo (Dom. Rep.),2023-06,1000,7.32,22.4,4.16,1,867
Santo Domingo (Dom. Rep.),2023-07,1000,6.29,22.86,2.02,1,906
Santo Domingo (Dom. Rep.),2023-08,1000,6.95,20.74,5.5,1,785
Santo Domingo (Dom. Rep.),2023-09,1000,7.14,27.48,3.12,0,821
Santo Domingo (Dom. Rep.),2023-10,1000,6.99,26.29,3.7,0,831
Santo Domingo (Dom. Rep.),2023-11,1000,6.92,23.38,3.02,0,774
Santo Domingo (Dom. Rep.),2023-12,1000,7.53,29.21,2.86,0,893
